Number of leaf symbols,States in word automata,States in tree automata,Standard equivalence queries,Standard time,Advice equivalence queries,Advice time,Approximate time,Approximate tokens,Approximate is_found,Approximate advice time,Approximate advice tokens,Approximate advice is_found,Approximate random check time,Approximate random check tokens,Approximate random check is_found,Approximate counting heuristic time,Approximate counting heuristic tokens,Approximate counting heuristic is_found
4,4,82,12,1,1,1,4,2430287,1,4,2420689,1,4,3157642,1,4,2420689,1
3,5,25,8,0,3,0,3,75620,1,3,20638,1,3,19988,1,3,20638,1
4,4,39,13,0,3,0,3,578846,1,3,532602,1,3,816290,1,3,1415563,1
3,7,73,1,0,1,0,3,13,1,3,13,1,3,13,1,3,13,1
2,7,86,1,0,1,0,4,4,1,4,4,1,4,4,1,4,4,1
3,4,30,10,0,2,0,3,285082,1,3,135762,1,3,449822,1,3,135761,1
4,3,27,6,0,2,0,3,92709,1,3,96874,1,2,94937,1,2,52468,1
3,4,20,10,0,1,0,3,59229,1,3,87512,1,3,59674,1,3,87512,1
2,6,48,2,0,1,0,4,90,1,4,94,1,4,92,1,4,94,1
3,5,73,14,0,4,1,4,2167721,1,5,4089502,1,5,3227524,1,0,132770,0
2,4,24,1,0,1,0,4,4,1,4,4,1,4,4,1,4,4,1
3,3,24,6,0,2,0,3,75498,1,3,45301,1,3,46549,1,3,44414,1
2,3,24,6,0,1,0,4,181448,1,4,48426,1,4,75820,1,4,48426,1
2,4,28,7,0,3,0,5,13779,1,4,37252,1,4,32240,1,4,10190,1
4,4,116,12,3,2,6,5,4381943,1,10,11483082,1,8,10589545,1,7,5651501,1
3,3,24,6,0,1,0,3,50201,1,3,57322,1,3,93279,1,3,57322,1
2,4,24,12,0,4,0,4,150754,1,4,115701,1,4,180354,1,4,88923,1
3,6,32,11,0,4,0,0,7549,0,3,213925,1,3,114010,1,3,145096,1
3,3,27,6,0,2,0,3,55278,1,3,58904,1,3,111564,1,3,87019,1
4,5,50,13,0,2,0,3,922871,1,3,1035532,1,3,1014630,1,3,1035532,1
4,5,190,16,20,1,37,22,18839963,1,39,48268488,1,36,58274728,1,36,48414287,1
4,4,110,14,3,3,3,6,4607326,1,6,3703710,1,9,13583743,1,6,4153186,1
4,4,67,12,0,1,1,3,1266737,1,4,2236796,1,3,1538188,1,4,2257257,1
4,3,27,7,0,4,0,3,67658,1,2,65040,1,2,122072,1,2,61340,1
4,3,24,7,0,4,0,3,38670,1,2,46187,1,2,48699,1,3,62945,1
3,6,113,27,7,4,18,11,14247358,1,0,426,0,0,805,0,12,17541566,1
2,8,167,37,34,3,74,31,57795083,0,79,130460384,1,119,223105249,1,86,151880636,1
3,5,102,20,3,1,10,11,13866436,0,13,20445869,1,20,34241447,1,13,20445892,1
2,6,125,12,1,2,2,6,3677708,1,7,3348181,1,7,4832197,1,6,3348181,1
2,7,44,19,0,4,2,6,2828096,1,6,1470964,1,7,3129228,1,5,1139099,1
4,4,55,13,0,1,0,3,769800,1,3,924650,1,3,1375369,1,3,924650,1
3,4,58,14,0,3,0,4,1355047,1,4,749028,1,4,1696680,1,3,1124800,1
4,3,27,6,0,2,0,3,186915,1,2,51631,1,2,56728,1,2,51122,1
2,5,64,12,0,2,0,5,1773477,1,5,770571,1,5,2475766,1,5,705599,1
4,4,82,13,1,3,2,0,1754,0,4,1961883,1,8,11813284,1,4,2617062,1
4,4,23,14,0,3,0,3,165797,1,2,98968,1,2,140733,1,3,98968,1
2,6,136,29,16,2,41,57,114711138,1,45,66757288,1,87,172392839,1,77,149373032,1
3,4,31,6,0,2,0,3,23462,1,3,25027,1,3,16571,1,3,23434,1
3,4,80,12,1,2,3,6,5880440,1,7,7160621,1,6,6594636,1,6,5582413,1
2,7,26,1,0,1,0,4,4,1,4,4,1,4,4,1,4,4,1
4,5,179,18,20,3,24,19,20859742,1,27,23562702,1,26,39184518,1,23,23007986,1
3,3,24,7,0,3,0,3,45833,1,3,73920,1,3,74705,1,3,87188,1
2,4,57,12,0,2,1,5,1362567,1,6,1895825,1,5,766044,1,5,1315010,1
4,4,25,1,0,1,0,2,6,1,2,6,1,2,6,1,2,6,1
2,6,54,2,0,1,0,4,263,1,4,86,1,4,330,1,4,86,1
4,4,163,12,9,2,14,0,196163,0,14,8285188,1,27,44275766,1,12,8821784,1
3,4,58,12,0,2,1,4,1465036,1,4,2383947,1,5,5028035,1,4,2539255,1
3,5,89,20,2,4,2,11,18545741,1,6,4659592,1,8,12156014,1,0,1848,0
3,5,25,11,0,3,0,3,81302,1,3,45663,1,3,60479,1,3,83995,1
2,5,60,19,1,2,2,8,6529097,1,8,6979105,1,6,2728650,1,7,3865430,1
3,4,128,14,6,3,6,11,15841225,1,1,2168550,0,8,6790655,1,7,5175597,1
4,4,46,13,0,1,0,5,987497,1,3,1349569,1,3,639563,1,3,633078,1
2,6,66,18,0,2,3,7,5140479,1,0,303,0,6,4331445,1,6,2379883,1
3,4,40,9,0,1,0,3,491460,1,3,460290,1,3,809744,1,3,404379,1
3,5,142,20,12,3,26,14,19597458,1,18,21356966,1,49,97597854,1,14,11270176,1
3,3,21,7,0,3,0,3,60324,1,3,32440,1,3,60358,1,3,34925,1
4,4,130,13,5,2,10,7,5863665,1,10,7753370,1,9,11203856,1,10,11166387,1
4,3,21,6,0,2,0,3,38840,1,2,37694,1,2,45652,1,2,39076,1
4,4,51,12,0,1,1,0,83,0,4,2252536,1,0,216963,0,3,856378,1
3,5,188,23,42,2,44,29,39133047,1,70,94926325,1,63,114600616,1,43,49587847,1
3,4,88,13,1,3,2,5,2938243,1,6,3115369,1,7,8438393,1,5,3571162,1
2,4,24,6,0,2,0,4,131844,1,4,56490,1,4,71123,1,4,50792,1
2,6,111,22,5,5,38,0,68,0,42,22064853,1,0,68,0,35,36645984,1
2,5,30,9,0,2,0,5,178970,1,4,199857,1,5,223634,1,4,95844,1
4,4,163,12,8,2,11,10,7664128,1,16,11088879,1,15,19730522,1,13,10277118,1
3,3,24,6,0,1,0,3,54774,1,3,45446,1,3,45218,1,3,45446,1
3,5,142,20,8,2,17,10,11709930,1,32,52475835,1,21,35552043,1,38,68821420,1
2,3,24,6,0,2,0,5,56025,1,5,47892,1,4,69289,1,4,64883,1
2,6,55,19,1,1,2,6,2295048,1,7,4738294,1,10,12729667,1,6,3764519,1
2,8,40,15,0,4,0,5,986220,1,5,503804,1,4,605283,1,0,34833,0
3,3,24,6,0,2,0,3,49220,1,3,48325,1,3,43195,1,3,39537,1
3,4,78,13,0,2,2,4,2079228,1,5,2608415,1,7,9271597,1,0,76,0
4,4,39,6,0,2,0,2,14500,1,2,13058,1,2,25918,1,2,13058,1
3,3,24,7,0,3,0,3,67025,1,3,57785,1,3,55253,1,3,60360,1
3,4,39,12,0,2,0,0,62964,0,4,1416371,1,4,799696,1,3,1069066,1
4,5,58,13,0,1,0,3,1472545,0,3,933940,1,5,4668324,0,3,933940,1
4,3,24,6,0,2,0,3,47499,1,2,55258,1,3,191826,1,2,54217,1
2,6,72,20,1,3,2,9,10444970,1,8,4569793,1,10,13043831,1,9,8059838,1
2,6,60,21,1,6,2,12,18156936,1,8,7380728,1,9,10211519,1,8,6845162,1
3,4,100,12,1,3,3,5,3307285,1,7,5630031,1,8,9857043,1,7,6477097,1
4,4,115,12,3,2,4,6,4730880,1,0,1583719,0,10,14493253,1,6,4285561,1
4,4,59,7,0,3,0,3,82796,1,2,57679,1,2,58150,1,3,166841,1
3,5,26,1,0,1,0,3,13,1,3,13,1,3,13,1,3,13,1
3,7,122,1,0,1,0,3,5,1,3,5,1,3,5,1,3,5,1
4,4,46,13,0,2,0,3,516093,1,3,602914,1,3,1189543,1,3,830313,1
4,4,46,15,0,1,0,4,1586816,1,3,462868,1,3,1435201,1,3,462868,1
4,5,66,7,0,4,0,3,52052,1,3,70051,1,3,67487,1,2,55362,1
2,5,192,12,7,2,10,13,8686271,1,38,8259880,1,35,56705310,1,13,8746661,1
4,4,44,10,0,1,0,3,555882,1,3,354489,1,3,354873,1,3,354489,1
3,4,31,13,0,4,0,4,445158,1,3,481153,1,3,475686,1,3,224960,1
4,5,92,17,2,2,4,6,2189490,0,13,22100978,1,5,6312892,0,6,5421009,1
3,3,24,6,0,2,0,3,63953,1,3,44632,1,3,46052,1,3,44590,1
4,3,24,6,0,1,0,2,60485,1,3,36181,1,2,46266,1,2,36181,1
3,4,100,13,2,4,2,5,3594681,1,16,26234520,1,9,11658418,1,5,3903677,1
2,3,24,7,0,3,0,4,191458,1,4,68076,1,4,50073,1,4,45107,1
4,3,24,6,0,1,0,3,52557,1,2,44106,1,3,57098,1,2,44106,1
2,4,23,10,0,4,0,4,428918,1,4,70529,1,4,227339,1,4,86138,1
3,5,39,15,0,3,0,3,534615,1,3,488126,1,5,1178472,1,3,1195993,1
4,4,29,11,0,2,0,3,322634,1,3,197124,1,3,291600,1,3,197124,1
3,4,22,12,0,3,0,3,139536,1,3,140851,1,3,144629,1,3,143560,1
2,6,47,18,0,6,1,6,3288769,1,5,1661967,1,6,2832663,1,5,1013487,1
4,3,23,6,0,2,0,3,61195,1,2,44525,1,2,71288,1,2,44525,1
3,4,21,7,0,4,0,3,16473,1,3,14187,1,3,14091,1,3,12158,1
2,7,109,26,9,5,26,25,49436830,1,21,25690917,1,42,32543425,1,37,66426080,1
4,3,21,8,0,2,0,3,64616,1,2,47540,1,2,60013,1,2,46499,1
2,7,191,21,7,3,19,15,20055917,1,40,15461903,1,0,46819,0,26,39575354,1
2,6,67,16,0,4,6,6,2738735,1,7,3602447,1,6,3978555,1,6,2831935,1
4,4,117,12,2,1,10,5,4474219,1,38,19619468,1,9,13473310,1,12,19619468,1
3,5,113,18,5,6,6,10,15606075,1,16,21726487,1,19,33659826,1,10,10470459,1
4,3,23,6,0,2,0,3,63756,1,2,50313,1,3,42033,1,3,51215,1
3,5,31,4,0,2,0,3,880,1,3,1351,1,3,839,1,3,1350,1
2,4,31,10,0,2,0,5,348659,1,5,314152,1,4,278180,1,4,286727,1
4,5,186,20,28,2,36,24,31774165,1,52,48629050,1,119,241292714,1,28,24050363,1
3,4,48,12,0,2,0,3,961678,1,3,827263,1,3,1021649,1,3,780869,1
3,4,43,13,0,2,0,3,442776,1,3,276416,1,3,449943,1,3,1278243,1
4,4,116,13,3,3,5,7,8065040,1,8,8035100,1,8,10673208,1,7,6578245,1
3,6,108,1,0,1,0,3,5,1,3,5,1,3,5,1,3,5,1
2,6,72,18,1,4,4,10,11472873,1,7,3145677,1,6,3262556,1,8,6103701,1
2,3,24,6,0,1,0,0,68,0,4,70862,1,4,54622,1,0,68,0
2,4,37,12,0,1,0,5,2541854,1,5,536749,1,4,394633,1,4,307510,1
4,4,78,13,1,2,2,4,1256363,1,4,2677914,1,4,2174072,1,5,4748430,1
3,4,128,15,7,5,6,7,6170246,1,10,8681073,1,9,11003475,1,9,9989674,1
4,4,55,12,0,2,0,3,1527533,1,3,1785915,1,3,1368879,1,3,1793774,1
2,4,176,12,11,1,23,22,28931566,1,28,29585915,1,18,16241650,1,26,29585915,1
3,5,54,18,0,3,0,4,1853293,1,4,1899398,1,4,1948042,1,4,1380811,1
4,4,142,14,6,3,8,7,6014579,1,11,8259016,1,10,12062250,1,12,13408953,1
2,6,29,17,0,5,0,5,561074,1,5,448168,1,5,703221,1,4,392744,1
2,5,61,13,0,3,0,5,716730,1,5,639117,1,5,1167744,1,5,639117,1
3,5,74,13,0,3,0,4,1193664,1,3,919672,1,4,2515539,1,4,919672,1
3,3,24,6,0,3,0,3,147175,1,3,56438,1,3,119670,1,3,63042,1
2,3,24,6,0,1,0,4,63478,1,4,48042,1,4,73007,1,4,154576,1
2,4,116,13,3,4,5,14,19682181,1,12,11972891,1,31,32568268,1,10,8258764,1
3,4,29,14,0,4,0,0,130651,0,0,4125,0,3,343707,1,3,263026,1
2,4,66,14,1,3,2,6,3308409,1,6,2926943,1,6,2736546,1,7,4984159,1
2,6,109,21,4,2,23,12,15084419,1,27,43248544,1,13,16500706,1,27,43291880,1
2,4,42,13,0,5,0,5,1374025,1,5,837734,1,5,624534,1,5,1415012,1
3,4,26,10,0,2,0,3,111794,1,3,216917,1,3,142408,1,3,103865,1
2,6,27,12,0,4,0,4,232070,1,4,282925,1,4,267184,1,4,282917,1
2,5,40,13,0,2,0,6,2864237,1,5,826055,1,5,1460257,1,5,422547,1
3,6,82,4,0,2,0,3,1668,1,3,2390,1,3,2450,1,3,2391,1
2,8,64,1,0,1,0,4,4,1,4,4,1,4,4,1,4,4,1
2,4,25,13,0,4,0,5,471919,1,4,368640,1,5,785787,1,4,581143,1
2,4,40,12,0,1,0,5,684528,1,6,1348315,1,5,1628824,1,5,930071,1
3,4,62,12,0,1,1,4,998001,1,4,2044867,1,4,3191407,1,4,2044867,1
2,5,164,19,16,2,19,27,44141415,1,24,22277028,1,24,31596934,1,22,22277015,1
3,4,26,12,0,3,0,3,308877,1,3,179947,1,3,739832,1,3,178125,1
2,5,26,4,0,2,0,4,907,1,4,737,1,4,786,1,4,737,1
4,4,78,12,0,2,1,4,2191083,1,4,1731500,1,5,4703305,1,4,1825074,1
4,5,145,19,9,1,16,20,30991833,1,19,19286629,1,36,70398420,1,18,19286629,1
2,4,23,12,0,1,0,5,603678,1,4,159947,1,5,698720,1,4,159947,1
4,4,50,14,0,2,0,4,1051637,1,3,786899,1,3,1064581,1,3,846364,1
3,4,128,12,4,2,6,0,72,0,10,9123786,1,0,369,0,9,8666375,1
3,4,32,13,0,3,0,3,374112,1,3,368687,1,3,523644,1,3,1246325,1
2,5,26,12,0,2,0,5,256043,1,4,132989,1,4,249231,1,5,328066,1
4,4,140,13,6,3,8,7,5477968,1,10,7486907,1,12,17110837,1,9,7515535,1
3,4,23,10,0,2,0,3,115332,1,3,95273,1,3,62957,1,3,96869,1
2,3,24,7,0,4,0,5,72961,1,4,126209,1,4,64231,1,5,99633,1
2,7,125,33,11,2,118,42,71798792,1,120,242129744,1,63,120834944,1,118,242129744,1
3,4,60,12,0,1,0,4,1088712,1,4,862351,1,10,16604278,1,4,1376412,1
4,5,107,20,8,4,7,7,5862606,1,8,7413026,1,13,22158142,1,6,5863873,1
2,7,144,20,16,2,14,14,18769801,0,50,85525814,1,31,51241798,1,27,35912630,1
3,3,24,7,0,3,0,3,211381,1,3,46642,1,3,168825,1,3,52493,1
2,6,53,17,0,3,1,7,5989857,1,7,4130199,1,7,3131657,1,8,5993130,1
4,3,24,6,0,1,0,3,44888,1,3,90062,1,3,65074,1,3,86550,1
2,6,103,25,6,3,16,27,40874369,0,29,43930388,1,21,32960220,1,25,36826090,1
4,4,46,12,0,2,0,3,436430,1,3,588129,1,3,1503717,1,0,369246,0
2,6,118,21,6,3,13,14,17776533,1,31,55119128,1,28,51848236,1,17,24272682,1
3,4,20,10,0,2,0,3,89318,1,3,97361,1,0,76,0,0,338,0
4,5,111,20,5,4,11,6,5295931,0,17,22858741,1,8,11045138,1,13,17704263,1
2,4,23,9,0,3,0,5,459979,1,4,206625,1,4,226718,1,4,110056,1
4,5,181,22,27,3,38,14,21037070,0,98,171888385,1,27,38509010,1,40,43229152,1
3,6,176,33,45,3,183,28,55642531,0,209,408900097,1,81,166334927,0,121,220484947,1
3,4,130,13,4,3,6,7,5110951,1,9,6029757,1,16,24202331,1,12,14865811,1
2,7,129,26,9,1,25,20,33128219,1,29,37855654,1,45,51242579,1,28,37855654,1
4,3,21,6,0,2,0,3,28752,1,3,32388,1,2,35566,1,2,28949,1
4,5,80,12,0,3,1,6,2001624,1,4,1845866,1,5,1506583,1,0,368,0
2,4,97,12,1,1,14,9,8387343,1,18,28075615,1,8,6501287,1,7,4009301,1
4,3,24,7,0,4,0,3,156744,1,2,46655,1,2,87385,1,2,61883,1
2,6,112,18,4,1,25,12,14812021,1,41,47738773,1,13,15832111,1,19,23546975,1
2,6,151,28,29,3,44,21,30214862,1,30,37576039,1,80,157131031,1,29,37576039,1
2,8,131,22,4,2,11,14,19420817,1,15,15911268,1,12,15092915,1,14,16304382,1
2,8,129,1,0,1,0,4,12,1,4,12,1,4,12,1,4,12,1
2,5,59,16,0,3,1,6,3936549,1,6,2793149,1,11,14154561,1,6,3625242,1
2,8,141,26,12,4,21,33,56625784,1,28,30432207,1,19,25392362,1,29,35564158,1
2,5,27,11,0,2,0,5,565515,1,4,194284,1,5,1046188,1,4,157644,1
3,5,109,13,1,3,1,4,2316969,1,4,2105085,1,0,233730,0,4,2001478,1
3,4,78,12,0,2,2,5,2185957,1,5,3084297,1,7,8080894,1,4,1217127,1
3,3,27,6,0,2,0,3,78422,1,3,69261,1,3,92903,1,3,51894,1
2,4,176,12,11,2,17,15,9975347,1,21,13458706,1,34,51862974,1,20,15194060,1
2,5,100,19,4,3,28,12,16600452,1,17,21664889,1,20,33107512,1,15,20694527,1
2,3,24,6,0,2,0,4,73236,1,4,119750,1,4,88868,1,4,38773,1
2,5,47,17,0,1,1,5,1531450,1,6,3126531,1,6,1589733,1,6,3126531,1
3,5,194,17,23,3,41,34,50999615,1,141,261362277,1,47,74175902,1,45,43502220,1
3,5,101,16,2,3,6,12,21023703,1,9,8389262,1,7,7133643,1,9,9316808,1
3,5,186,21,22,2,56,28,38647483,1,59,77907815,1,114,224427922,1,57,87288458,1
2,6,130,27,9,4,21,18,30385008,0,0,584,0,37,66679945,1,25,29641006,1
3,3,24,6,0,3,0,3,41665,1,3,56533,1,3,49089,1,0,76,0
2,5,54,17,0,2,0,7,6248398,1,5,1386522,1,5,2020838,1,5,1611175,1
2,4,66,12,0,3,1,6,4366380,1,7,5570630,1,6,3701394,1,6,3813638,1
2,5,35,10,0,2,0,5,370628,1,4,403488,1,4,162405,1,4,95329,1
3,4,78,12,1,2,1,4,2315285,1,5,2522010,1,6,6971205,1,5,4434891,1
2,4,116,13,3,3,7,9,7558514,1,9,4020885,1,8,6087231,1,10,8446660,1
3,5,60,18,1,5,3,4,3005762,0,8,10819529,1,6,4985931,0,0,33947,0
3,5,190,20,36,4,161,34,50753525,1,1,3098474,0,47,75913233,1,53,67763429,1
2,6,171,26,26,5,120,61,118333446,1,140,258978892,1,79,152654649,1,111,202559627,1
3,4,66,12,0,2,1,4,1178152,1,4,1967421,1,4,2686699,1,4,2038569,1
3,4,65,13,1,4,1,5,3185692,1,4,1090811,1,4,2667716,1,4,2186869,1
3,4,48,6,0,1,0,3,93072,1,3,72002,1,0,142118,0,3,71998,1
2,4,60,12,0,2,0,6,2486372,1,6,921377,1,6,3790021,1,6,3106760,1
3,4,44,10,0,1,0,3,295317,1,3,422105,1,3,471560,1,3,551556,1
3,5,92,16,1,2,5,6,5286240,1,7,5704324,1,7,6932695,1,0,75,0
2,4,42,13,0,3,0,5,2061010,1,5,710866,1,6,3415282,1,5,759926,1
3,4,56,13,0,4,0,4,2668426,1,4,2650283,1,4,1738058,1,4,2158863,1
2,3,24,6,0,2,0,4,52128,1,4,102583,1,4,73643,1,4,169578,1
3,5,35,1,0,1,0,3,13,1,3,13,1,3,13,1,4,13,1
4,4,199,14,24,1,24,18,10105238,1,26,16734505,1,22,19818228,1,23,16734505,1
4,4,29,12,0,3,0,3,379537,1,3,237222,1,3,403266,1,3,351379,1
3,5,166,17,14,3,24,16,19419232,1,25,25199263,1,65,126571773,1,29,40008860,1
4,4,64,13,1,3,1,4,1411480,1,4,1664185,1,4,2376478,1,4,1664185,1
2,3,24,6,0,1,0,4,86575,1,5,47182,1,4,52478,1,4,47182,1
3,5,65,2,0,2,0,3,81,1,3,81,1,3,81,1,3,82,1
3,4,120,13,3,4,5,7,7729239,1,9,7907543,1,7,6938007,1,8,6921308,1
4,3,27,6,0,2,0,3,46977,1,2,43554,1,2,53198,1,2,43554,1
4,4,176,12,11,2,16,0,82,0,0,83,0,0,83,0,19,20626212,1
3,3,24,6,0,1,0,3,68126,1,3,45483,1,3,93467,1,3,45483,1
4,4,69,12,1,2,1,4,1084666,1,4,2565004,1,4,2565422,1,4,2553585,1
2,5,39,9,0,2,0,4,144258,1,4,211845,1,4,307734,1,4,211082,1
4,4,48,13,0,1,0,3,685703,0,3,1823184,1,3,1166727,1,3,1823184,1
3,5,28,2,0,1,0,0,1935,0,3,86,1,3,123,1,3,86,1
4,4,21,11,0,6,0,2,76738,1,2,70179,1,2,55277,1,2,48059,1
3,3,24,6,0,2,0,3,58476,1,3,77491,1,3,60792,1,3,77491,1
4,4,138,13,6,2,8,8,9067968,1,13,15728325,1,9,9545750,1,9,8150032,1
2,5,69,21,2,3,6,8,6995157,1,11,13572366,1,12,15708141,1,11,13585854,1
2,3,24,6,0,1,0,4,60406,1,4,55482,1,4,58558,1,4,70878,1
2,4,44,12,0,3,0,0,65408,0,5,1106715,1,5,1098172,1,5,2486164,1
2,5,50,1,0,1,0,4,4,1,4,4,1,4,4,1,4,4,1
3,3,24,6,0,2,0,3,75748,1,3,49488,1,3,57337,1,3,51939,1
2,6,84,26,2,3,14,17,21972377,1,18,25921496,1,20,31661532,1,13,13521561,1
2,4,39,13,0,3,0,5,945776,1,5,902473,1,5,768598,1,5,753020,1
2,5,86,17,1,3,3,7,6673307,1,12,9989108,1,9,8437727,1,10,10461716,1
4,3,23,6,0,3,0,3,31684,1,2,66383,1,3,110410,1,3,40828,1
2,5,48,16,0,2,0,6,2453951,1,5,986080,1,6,3642324,1,5,1901525,1
2,9,173,8,0,4,0,4,13795,1,4,17873,1,4,11688,1,4,12750,1
4,3,27,6,0,2,0,3,65227,1,2,53691,1,3,63600,1,2,64027,1
4,3,24,6,0,1,0,3,39170,1,3,43009,1,3,109610,1,2,43009,1
4,4,31,9,0,2,0,3,180003,1,3,276479,1,3,136699,1,3,117011,1
3,5,68,14,0,4,2,4,2508434,1,4,2188581,1,5,3981870,1,4,2466699,1
4,4,68,12,0,1,1,3,1298195,1,4,2429110,1,5,5638266,1,4,3532011,1
3,4,51,13,0,1,1,4,1053638,1,4,1975486,1,3,1069468,1,4,1975486,1
3,5,156,19,9,3,14,14,17082125,1,28,39516011,1,48,94192701,1,27,39516014,1
2,5,88,17,2,1,3,8,6522605,1,8,4338355,1,8,8014970,1,8,4338355,1
4,5,70,15,0,1,1,4,2198155,1,4,2912329,1,4,3648545,1,4,2912329,1
3,5,134,21,8,2,15,12,11213762,1,30,47563049,1,32,63361478,1,24,36553126,1
4,3,21,6,0,1,0,2,33714,1,2,42784,1,2,33809,1,2,42784,1
3,4,116,12,3,1,9,6,4416515,1,12,14352946,1,7,7051666,1,7,5400424,1
3,7,97,25,5,2,19,8,8305739,1,32,62285311,1,31,57370241,0,25,43985952,1
2,7,81,22,2,5,8,7,6604985,1,19,30131961,1,10,12361253,1,11,11607992,1
4,3,24,6,0,1,0,3,41524,1,2,38171,1,3,181385,1,2,38171,1
2,4,128,13,5,3,7,12,13869923,1,47,81361459,1,10,9008587,1,10,7332155,1
3,5,68,15,0,1,2,4,1954419,1,5,3736888,1,5,5679007,1,5,3736888,1
3,3,27,8,0,5,0,3,175943,1,3,115133,1,3,76514,1,3,74190,1
2,5,47,17,0,3,1,5,1620048,1,6,2525240,1,0,51013,0,6,2655554,1
2,7,73,17,0,3,0,5,1385694,1,6,844167,1,5,1847854,1,5,844167,1
2,6,114,25,10,2,45,17,29115588,1,0,127979,0,5,13155849,0,0,2076476,0
4,5,115,15,3,2,5,6,4851009,1,9,9515701,1,12,20138568,1,10,12404823,1
4,4,20,10,0,2,0,3,87253,0,2,68889,1,0,295,0,2,123449,1
2,5,164,21,17,3,109,21,27508486,1,32,29717263,1,26,36670598,1,38,48862011,1
4,4,70,12,0,2,1,5,2569177,1,0,82,0,4,2422932,1,5,4821450,1
3,4,176,12,12,2,15,14,11680699,1,41,53567107,1,15,14190294,1,20,19645615,1
2,4,39,13,0,4,0,5,906564,1,5,1328419,1,5,1300832,1,5,704538,1
3,5,28,10,0,4,0,3,107909,1,3,122370,1,3,111571,1,3,181999,1
2,5,31,12,0,3,0,5,602085,1,5,495462,1,5,876161,1,4,222134,1
2,6,60,10,0,2,0,5,745470,1,5,389041,1,5,1116589,1,5,992137,1
3,5,191,22,31,5,61,53,101880039,1,42,45828701,1,45,74047598,1,55,85410786,1
3,4,78,13,1,3,6,5,2009908,1,5,2388091,1,6,5538628,1,4,1786654,1
2,5,89,20,2,1,6,8,7116933,1,11,9594372,1,17,25801912,1,13,16038248,1
4,4,22,6,0,3,0,3,127722,1,2,23269,1,2,20279,1,2,19104,1
4,4,81,12,1,2,2,3,1531810,0,0,146764,0,5,5191937,1,5,3656568,1
3,3,24,6,0,1,0,3,53923,1,3,49216,1,3,44900,1,3,179198,1
2,8,118,34,12,3,101,25,41883462,0,61,119285385,1,28,48934066,0,126,205283542,1
3,4,62,13,0,3,1,0,91216,0,6,6107021,1,5,3602657,1,4,2620154,1
2,5,40,16,0,1,0,6,2948526,1,5,1027754,1,5,1049597,1,5,1094964,1
4,3,24,6,0,2,0,2,64463,1,3,72273,1,3,53323,1,2,57727,1
2,6,98,19,2,3,8,10,12325726,1,9,4528066,1,10,9889243,1,14,17820172,1
4,4,176,13,13,1,15,14,11756138,1,18,12435056,1,90,175614151,1,16,12435056,1
4,4,89,12,1,2,3,0,4887,0,7,6259720,1,4,3302131,1,6,5400799,1
3,5,169,17,15,1,22,16,21057974,1,24,24377977,1,26,40661745,1,22,24378000,1
3,3,24,6,0,1,0,3,60458,1,3,111772,1,3,54577,1,3,46475,1
4,5,158,20,14,2,53,10,12734730,0,70,136534693,1,54,107255715,1,1,2845938,0
3,3,24,6,0,3,0,3,128492,1,3,76041,1,3,72563,1,3,73554,1
3,5,138,20,11,2,11,15,17531983,1,14,11469614,1,37,71521241,1,13,11469614,1
4,4,145,12,5,2,7,8,6226447,1,10,5849846,1,9,9661595,1,9,6075238,1
3,4,78,11,1,1,2,5,3062324,1,6,5262807,1,6,5443094,1,5,2885314,1
2,9,128,42,16,6,62,33,59981057,1,113,223040279,1,0,11686,0,0,1460984,0
3,5,69,14,0,2,1,4,2821328,1,5,2513491,1,4,3236493,1,4,1550264,1
3,5,192,21,26,3,31,22,21554806,1,41,36367315,1,77,141243286,1,52,24604052,1
2,7,79,26,1,4,7,14,10886753,1,23,39463706,1,12,16183247,1,11,12764509,1
4,5,82,22,2,4,4,6,5465111,0,6,7306169,1,7,10560902,1,5,5278351,1
4,4,116,12,2,1,7,6,4304698,1,10,12107963,1,8,9935653,1,9,12092789,1
3,3,24,8,0,4,0,3,66778,1,3,48104,1,3,170066,1,3,48641,1
2,4,44,11,0,1,0,5,1261613,1,5,542672,1,5,1382278,1,5,542672,1
3,4,23,7,0,2,0,3,72520,1,3,51721,1,3,87614,1,3,51721,1
3,4,48,11,0,1,0,3,637400,1,4,957910,1,4,1884606,1,3,957910,1
2,6,29,14,0,4,0,0,2352,0,0,1045,0,0,6840,0,4,417584,1
4,5,173,13,5,4,3,7,3822584,1,6,3689362,1,6,5274840,1,8,8857959,1
4,4,54,12,0,2,0,3,955172,1,3,645670,1,3,1981621,1,3,1426830,1
4,3,27,6,0,2,0,3,65627,1,2,62516,1,2,100428,1,3,112802,1
4,4,100,13,2,3,3,5,4296110,1,5,3052452,1,7,9836916,1,6,5326636,1
4,4,78,12,1,2,1,4,2508373,1,5,3678326,1,5,5825269,1,5,3451663,1
4,4,76,12,1,2,2,4,1572499,1,5,3714108,1,4,3815206,1,4,2443425,1
2,5,24,16,0,1,0,6,568835,1,5,330623,1,5,626716,1,4,330623,1
2,8,178,27,5,4,18,13,16619083,1,16,23285598,1,40,22446709,1,16,23538556,1
2,5,39,7,0,2,0,4,109367,1,4,44458,1,4,85279,1,4,117756,1
2,6,107,14,3,3,4,8,6855500,1,9,5528117,1,35,14352121,1,8,5528123,1
3,3,24,6,0,2,0,3,48390,1,3,55053,1,3,47199,1,3,55040,1
2,5,50,16,0,4,2,6,3841080,1,6,2870229,1,8,8620232,1,6,4232881,1
4,4,37,9,0,2,0,0,22979,0,3,216643,1,3,263347,1,3,492151,1
2,5,27,13,0,4,0,5,413266,1,5,492023,1,0,715045,0,4,371174,1
2,5,145,18,11,1,14,20,31408307,1,44,17230689,1,38,64083311,1,87,164374336,1
2,6,32,12,0,4,0,5,256614,1,5,97992,1,5,185727,1,4,129463,1
2,7,52,21,1,3,2,0,29582,0,6,2649136,1,6,3021454,1,8,5988301,1
2,5,21,6,0,1,0,4,6203,1,4,9389,1,5,22153,1,5,25576,1
2,5,90,13,0,1,1,6,2546749,1,7,2874906,1,6,2043572,1,6,2874906,1
3,3,24,6,0,3,0,3,103777,1,3,64871,1,0,2454,0,3,46005,1
2,6,44,14,0,3,0,5,875871,1,5,713842,1,5,261316,1,5,196789,1
4,3,24,6,0,2,0,3,43722,1,3,60530,1,2,47079,1,3,87808,1
2,7,179,24,31,4,83,54,102863774,1,62,68065749,1,84,158807665,1,110,177793159,1
4,4,39,9,0,2,0,3,256103,1,3,578306,1,3,346583,1,3,427406,1
2,6,172,25,18,4,79,48,93444066,1,75,102160967,1,122,237905442,1,53,80633487,1
3,5,90,20,2,2,14,6,6217115,1,7,5798014,1,11,17813038,1,34,14290221,1
2,4,24,11,0,5,0,4,437613,1,0,68,0,5,695097,1,4,281552,1
3,5,82,18,2,6,5,6,4738084,0,12,17887310,1,9,11807632,1,24,46688127,1
3,4,23,11,0,5,0,3,285548,1,3,275799,1,3,206540,1,3,714082,1
4,4,94,13,1,3,3,5,5574533,1,5,1921535,1,5,3690728,1,4,1860534,1
4,4,100,12,2,2,3,5,3661294,1,6,5394091,1,0,1199407,0,6,5394091,1
3,5,171,21,16,3,46,52,45924802,1,28,22013122,1,50,90702300,1,47,70381445,1
4,3,21,6,0,2,0,2,31325,1,2,53350,1,2,36184,1,2,54438,1
3,4,128,13,4,3,9,8,7395263,1,13,15046419,1,13,18615269,1,12,15046419,1
2,5,66,13,1,3,1,9,8625439,1,6,2314765,1,6,2869037,1,6,2358912,1
2,5,122,20,6,4,28,14,19458794,1,43,27492404,1,20,30847508,1,27,39160897,1
3,3,27,6,0,1,0,3,129294,1,3,84876,1,3,78362,1,3,84899,1
4,3,27,6,0,3,0,3,84729,1,2,77912,1,2,53097,1,0,375,0
3,3,27,6,0,1,0,3,79977,1,3,48250,1,3,109094,1,3,56970,1
3,4,59,13,0,3,1,4,1043450,1,5,3029136,1,4,2013066,1,4,1907760,1
2,5,60,17,0,4,2,6,2761993,1,7,6111530,1,6,3394833,1,7,6274803,1
3,4,55,12,0,2,0,4,1182240,1,4,1352711,1,3,941370,1,0,11750,0
3,5,39,13,0,4,0,3,547333,1,3,603421,1,3,736351,1,3,499596,1
2,4,40,10,0,3,0,4,273291,1,5,461506,1,5,320349,1,5,473899,1
2,3,24,7,0,3,0,5,50515,1,4,63535,1,4,137526,1,4,66768,1
3,4,22,9,0,2,0,3,242141,1,3,100541,1,3,68035,1,3,100541,1
2,5,26,10,0,2,0,5,248906,1,4,162520,1,4,120581,1,4,169734,1
2,5,109,21,3,3,11,13,16895062,1,15,16518096,1,19,28910741,1,25,42088298,1
3,5,69,16,0,4,2,5,4502096,1,5,2297045,1,7,7737885,1,5,3043249,1
3,4,76,12,1,2,1,5,3601822,1,5,2661002,1,6,5956745,1,5,2660998,1
3,4,40,13,0,2,0,4,560188,1,3,416889,1,3,1149155,1,0,76,0
2,5,137,16,6,2,14,17,26355784,1,18,20978391,1,23,35842590,1,21,30977797,1
2,4,30,1,0,1,0,4,4,1,4,4,1,4,4,1,4,4,1
4,5,134,20,7,2,13,10,9278042,1,17,17118202,1,22,41101148,1,16,17524906,1
2,3,24,7,0,3,0,4,56081,1,5,42406,1,4,49645,1,4,60929,1
2,4,39,12,0,3,0,5,1233223,1,6,810371,1,5,1258043,1,5,831330,1
2,9,108,17,0,2,0,5,354092,1,5,475196,1,5,298624,1,5,290163,1
3,5,96,24,6,4,7,9,12667545,1,8,6892599,1,12,18507031,1,8,7617541,1
4,4,58,13,0,3,0,5,1638069,1,3,1130011,1,3,1806468,1,4,1953035,1
4,4,54,14,0,3,0,3,1113589,1,3,1265172,1,3,1877003,1,3,1265172,1
3,4,23,13,0,5,0,3,339194,1,0,1366,0,3,169707,1,0,8045,0
2,8,109,1,0,1,0,4,4,1,4,4,1,4,4,1,4,4,1
3,3,23,6,0,2,0,3,63762,1,3,43823,1,3,54688,1,3,46364,1
2,7,141,16,3,4,6,9,7018039,1,10,5716811,1,9,6476572,1,16,23842574,1
2,4,78,18,1,2,2,9,9789368,1,10,12509416,1,8,7834138,1,7,3654776,1
2,3,24,6,0,3,0,4,56000,1,4,62858,1,4,48031,1,4,67744,1
4,4,35,13,0,2,0,3,233721,1,3,218466,1,3,310662,1,3,268706,1
2,4,22,7,0,3,0,4,24608,1,4,11596,1,4,36282,1,4,10948,1
4,5,157,16,11,6,14,14,16847162,1,22,23779757,1,33,60862853,1,27,44415895,1
3,5,56,17,0,5,1,4,1388904,0,5,3621291,1,4,2662177,0,5,3949584,1
2,5,31,9,0,2,0,5,276689,1,4,267613,1,4,255376,1,4,167635,1
2,3,24,7,0,3,0,4,201181,1,4,51800,1,4,71492,1,4,55182,1
3,4,57,13,0,6,0,4,2035978,1,4,2088166,1,4,2762514,1,4,2568992,1
2,6,171,25,25,2,97,31,47486980,1,100,160912036,1,105,198643398,1,98,160912036,1
2,6,49,16,0,3,0,6,2573491,1,5,1753330,1,6,3390613,1,6,3681592,1
2,5,140,22,8,3,20,44,35546761,1,25,26012508,1,22,31284139,1,35,56759928,1
2,3,24,6,0,1,0,5,87927,1,5,178971,1,4,50512,1,4,63134,1
2,6,87,20,2,5,5,8,8119958,1,14,18799238,1,8,7167027,1,13,15817900,1
2,6,80,12,0,3,1,10,12828765,1,5,1084585,1,6,1855217,1,5,1151231,1
3,4,97,13,1,1,4,5,3079159,1,7,5593740,1,7,8746857,1,6,4799479,1
2,7,96,25,4,3,9,14,22543832,1,14,15076981,1,12,16215453,1,13,15076981,1
4,5,78,16,1,2,2,6,2499857,1,5,3674482,1,5,4112043,1,4,2245847,1
3,4,176,12,12,2,21,17,17136576,1,27,34897164,1,24,33676387,1,18,16864507,1
3,5,143,21,13,5,26,14,20039515,1,22,26099404,1,23,37493694,1,19,21832502,1
2,3,24,7,0,4,0,4,79406,1,4,127337,1,5,133818,1,4,107254,1
2,3,24,6,0,1,0,4,61026,1,4,178971,1,4,153739,1,4,46267,1
4,5,155,21,15,3,31,13,15669052,0,25,23781779,1,34,64247679,1,38,61450243,1
2,7,118,16,1,1,2,7,5423659,1,7,3654636,1,7,3906477,1,7,3654636,1
3,6,197,29,43,2,134,23,38374405,0,117,115029426,1,20,45604967,0,127,214614899,1
3,4,40,12,0,2,0,3,405213,1,3,608994,1,3,607167,1,3,341878,1
4,4,42,12,0,4,0,4,1491238,1,3,678278,1,3,1655232,1,3,591734,1
3,5,127,21,8,2,11,13,20102215,1,19,27723456,1,15,24751673,1,13,12980898,1
2,5,40,10,0,3,0,5,1241597,1,4,332360,1,5,426761,1,5,285362,1
2,6,23,10,0,3,0,4,47913,1,4,37378,1,4,45085,1,4,26405,1
3,4,100,12,2,2,4,5,4211531,1,10,12275351,1,9,12262593,1,8,8600388,1
2,5,24,10,0,3,0,4,105818,1,4,65836,1,4,40661,1,4,65836,1
2,4,24,13,0,4,0,4,462989,1,4,413972,1,5,672726,1,4,298314,1
2,4,78,11,0,1,1,7,5067012,1,6,1703636,1,6,2975792,1,7,4460474,1
2,6,50,12,0,3,0,5,565316,1,4,230735,1,5,643959,1,5,377198,1
2,4,41,12,0,1,0,5,1128852,1,5,1112337,1,5,1291570,1,5,1112337,1
4,4,176,12,11,2,17,13,11127731,1,20,17208615,1,20,25748770,1,18,17208615,1
4,4,74,13,0,1,1,3,1668218,1,4,2001115,1,4,2046193,1,4,2001115,1
3,5,68,16,1,2,2,7,7553777,0,5,2661571,1,5,3717155,1,5,2670922,1
3,4,30,12,0,3,0,0,5341,0,3,1187256,1,3,335241,1,3,334884,1
2,3,24,6,0,1,0,0,68,0,4,110036,1,4,67774,1,4,110081,1
2,7,166,17,6,4,21,24,40955078,1,21,28582603,1,36,65147685,1,17,24335057,1
3,4,62,13,0,2,1,4,1778367,1,4,1609980,1,4,2156677,1,4,1610559,1
4,4,67,12,0,3,1,3,1459004,1,4,1815363,1,4,2034479,1,4,1869644,1
2,6,170,21,10,4,133,18,26709154,1,22,24020681,1,0,86154,0,61,109342815,1
2,5,61,17,0,4,1,8,6737575,1,7,3750897,1,6,3743145,1,7,5247149,1
2,5,25,13,0,4,0,5,637223,1,4,198161,1,5,419063,1,0,790,0
2,6,31,21,0,3,1,5,646425,1,5,2197707,1,6,1424502,1,6,2719455,1
4,4,32,1,0,1,0,2,14,1,3,14,1,3,14,1,2,14,1
3,3,24,6,0,3,0,3,78431,1,3,74643,1,3,123870,1,3,45034,1
2,5,45,9,0,1,0,5,73437,1,4,72510,1,5,182526,1,4,72510,1
2,5,113,20,5,1,17,15,24474049,1,22,27480007,1,23,38580283,1,32,52796874,1
4,4,66,12,0,3,1,3,920740,1,4,1706595,1,4,2361565,1,4,2162306,1
2,10,171,49,54,2,242,158,368185352,0,249,473513549,1,0,68,0,210,391577535,1
2,4,28,10,0,4,0,5,338580,1,5,127902,1,4,125468,1,4,146976,1
2,5,39,16,0,3,0,5,1153910,1,7,5810847,1,5,1340216,1,5,995952,1
4,5,97,17,2,2,6,6,6172894,1,9,10363237,1,8,10513751,1,8,8418724,1
2,8,197,25,16,3,70,22,29847180,1,75,129570838,1,59,115257088,1,74,129570838,1
2,5,108,1,0,1,0,4,4,1,4,4,1,4,4,1,4,4,1
2,5,61,12,0,4,3,5,1103114,1,6,1774408,1,5,1193728,1,6,1821280,1
2,5,188,20,32,1,48,48,85905791,1,52,60483497,1,133,252863666,1,49,60483497,1
3,5,144,21,8,3,30,38,17506494,1,44,79859701,1,48,96439550,1,20,29931333,1
3,4,102,13,2,4,3,5,3494065,1,7,5346041,1,8,10023691,1,6,3603619,1
2,7,72,25,1,5,1,7,5131132,1,8,6630145,1,8,9328963,1,7,5290228,1
3,6,175,31,48,4,50,28,49937048,0,51,68907097,1,156,322293618,1,94,162494672,1
3,6,145,25,12,3,33,14,19240731,0,76,89238657,1,66,123883779,1,42,66838944,1
2,7,77,21,2,2,5,8,6754918,1,10,10775881,1,13,15562800,1,10,10796892,1
3,4,21,6,0,4,0,3,6729,1,3,5408,1,3,6297,1,3,6952,1
2,5,117,20,7,2,14,15,20790951,1,18,19842021,1,35,63462263,1,18,25992156,1
2,6,25,1,0,1,0,4,12,1,4,12,1,4,12,1,4,12,1
4,4,100,12,1,2,4,4,2567631,1,7,5840797,1,5,4829290,1,5,3491015,1
2,6,84,14,1,4,3,6,3625636,1,7,4207540,1,9,9974137,1,10,11372621,1
2,4,66,15,1,4,1,6,2755407,1,7,6182440,1,6,2235169,1,6,1843246,1
2,5,20,10,0,5,0,5,467148,1,0,27147,0,5,82615,1,4,127524,1
3,6,67,1,0,1,0,3,13,1,3,13,1,3,13,1,3,13,1
3,5,39,9,0,4,0,3,146718,1,3,46063,1,3,73098,1,3,42258,1
3,7,187,24,26,2,35,24,39230106,0,36,25908220,1,32,43380204,1,48,60531414,1
2,4,97,14,1,3,4,9,9049749,1,9,7519470,1,33,5301049,1,25,39833358,1
4,3,24,6,0,2,0,3,43111,1,2,38994,1,3,82981,1,3,39003,1
3,7,199,23,4,2,5,11,5258600,0,0,725682,0,0,21301,0,9,9013125,1
3,5,80,14,1,3,3,5,4146929,1,7,7650516,1,5,3203554,1,6,5896350,1
2,3,24,7,0,5,0,4,55804,1,4,47787,1,4,67415,1,5,100617,1
3,4,61,11,0,3,0,4,689631,1,4,1172870,1,4,1135801,1,4,1172635,1
2,7,71,9,0,3,0,5,23553,1,0,2912,0,5,21606,1,5,17958,1
2,4,63,12,0,2,1,6,1837371,1,6,1880854,1,6,3212920,1,8,6195911,1
3,3,27,7,0,3,0,3,78899,1,3,78922,1,3,105227,1,3,77392,1
2,5,30,6,0,2,0,0,3385,0,4,27819,1,4,95221,1,4,27819,1
3,4,62,15,1,4,1,5,2191209,1,0,2003,0,0,3764,0,4,1485705,1
3,3,23,6,0,1,0,3,98556,1,3,39969,1,3,41654,1,3,48181,1
2,4,40,14,0,3,0,5,1627970,1,5,821194,1,5,1998894,1,5,1922481,1
3,3,23,6,0,1,0,0,294,0,3,35065,1,3,41716,1,3,35065,1
2,5,73,13,0,4,0,5,1001302,1,5,1250568,1,5,927850,1,5,698609,1
2,6,174,17,7,7,10,14,15030027,1,30,41222094,1,15,16226626,1,19,16798861,1
2,6,76,17,1,4,1,6,2788682,1,8,6333489,1,8,6652558,1,8,5972289,1
2,6,185,26,33,2,129,87,181937009,1,133,216046770,1,70,118768123,1,83,111377382,1
4,3,27,7,0,2,0,3,52730,1,3,60020,1,3,52578,1,3,60019,1
3,5,176,21,21,3,68,27,36564664,1,70,111540700,1,36,59125520,1,67,111540700,1
4,3,23,7,0,1,0,3,36636,1,2,33861,1,2,76203,1,2,33861,1
4,3,24,6,0,2,0,3,186528,1,2,45670,1,2,48944,1,3,84533,1
4,4,199,13,18,4,23,20,15700499,1,28,20590505,1,36,50109703,1,22,13859853,1
2,6,162,24,19,4,111,31,51103370,1,110,199717907,1,79,147997966,1,55,83791524,1
2,8,64,17,0,2,0,5,406994,1,5,247117,1,0,12869,0,5,267551,1
4,3,27,6,0,1,0,3,72386,1,3,94101,1,3,105217,1,3,56602,1
4,3,21,7,0,2,0,3,74585,1,0,83,0,2,40911,1,3,39159,1
4,4,35,13,0,4,0,3,681100,1,3,545647,1,3,295384,1,3,455593,1
3,5,149,12,1,2,2,5,2212709,1,6,3180199,1,0,76,0,6,4218002,1
2,6,160,25,18,2,151,30,51650062,1,317,618483125,1,99,191060223,1,215,389274136,1
3,4,100,12,1,3,2,5,4477676,1,5,2777497,1,9,13084374,1,7,7013571,1
3,4,58,13,0,3,0,4,2247299,1,4,1121858,1,4,2973301,1,4,1077375,1
3,4,40,13,0,3,0,5,348993,1,3,830115,1,3,1034231,1,3,1167439,1
4,4,176,12,10,2,19,12,8336465,1,19,17558761,1,26,40695680,1,22,28370173,1
4,3,23,6,0,2,0,2,64027,1,2,43565,1,2,73918,1,2,37822,1
2,6,186,31,51,3,238,182,423643526,1,571,1261043398,1,118,189571082,1,286,518507455,1
4,4,63,12,0,2,0,3,1904137,1,3,897009,1,3,1455512,1,3,897009,1
3,3,24,7,0,4,0,3,50277,1,3,46410,1,3,140695,1,3,48738,1
4,3,24,6,0,2,0,2,44738,1,2,46670,1,2,42314,1,2,45837,1
2,7,34,12,0,4,0,4,190290,1,4,228218,1,4,127020,1,4,141959,1
4,3,27,7,0,2,0,2,67535,1,2,49945,1,2,167713,1,2,50426,1
2,6,50,15,0,1,0,5,2496700,1,5,1668808,1,7,4769720,1,5,1668808,1
2,4,31,10,0,3,0,4,276011,1,5,189736,1,4,209127,1,4,230434,1
2,6,34,6,0,2,0,4,10003,1,4,9759,1,4,6341,1,4,9885,1
4,4,29,7,0,2,0,0,83,0,2,29081,1,0,82,0,2,29298,1
2,4,32,11,0,4,0,4,426666,1,4,775898,1,6,3827156,1,5,1011599,1
2,3,24,6,0,1,0,4,141840,1,4,87389,1,4,47005,1,4,205557,1
3,5,28,8,0,2,0,3,13606,1,3,19508,1,3,13639,1,3,19508,1
2,4,23,9,0,1,0,4,120389,1,4,92368,1,4,162613,1,4,103419,1
3,4,43,13,0,3,0,3,552362,1,4,1617230,1,3,760775,1,3,1453781,1
2,6,24,6,0,2,0,4,7687,1,4,3734,1,4,5516,1,4,3874,1
4,4,48,11,0,1,0,3,562024,1,3,1432833,1,3,1058713,1,3,1432833,1
3,3,24,6,0,2,0,3,45016,1,3,42519,1,3,82482,1,3,41464,1
4,3,27,6,0,2,0,2,63120,1,2,51189,1,2,143401,1,2,51189,1
3,5,30,9,0,4,0,3,19398,1,3,19995,1,3,24741,1,3,18935,1
2,5,29,12,0,4,0,4,571503,1,4,363668,1,4,366737,1,4,256499,1
4,3,21,8,0,4,0,2,48081,1,2,47821,1,2,46209,1,2,48185,1
2,5,22,1,0,1,0,5,4,1,4,4,1,4,4,1,4,4,1
3,4,39,12,0,2,0,3,803066,1,4,1904537,1,3,1077543,1,3,573254,1
4,3,24,6,0,1,0,2,78091,1,2,47705,1,2,38474,1,2,47732,1
2,5,24,13,0,2,0,4,386870,1,4,198999,1,4,253823,1,4,194165,1
2,5,41,1,0,1,0,4,4,1,4,4,1,4,4,1,4,4,1
2,7,20,13,0,3,0,4,57003,1,4,39848,1,4,46809,1,4,39495,1
2,5,48,20,0,3,1,5,2120593,1,6,3540745,1,6,2815065,1,6,2505290,1
2,4,31,7,0,4,0,4,286577,1,4,130419,1,4,377239,1,4,92634,1
2,5,28,13,0,2,0,4,245279,1,4,228727,1,4,274056,1,4,256250,1
3,3,24,6,0,2,0,3,76683,1,3,69513,1,3,124864,1,3,51771,1
3,4,33,8,0,1,0,3,167157,1,3,131587,1,3,192683,1,3,131587,1
2,6,26,1,0,1,0,4,4,1,4,4,1,4,4,1,4,4,1
2,3,24,6,0,1,0,4,132175,1,4,77387,1,4,114361,1,4,77387,1
2,5,30,11,0,4,0,4,376638,1,4,616375,1,4,370550,1,4,218008,1
2,4,31,7,0,4,0,4,63050,1,4,42711,1,4,56893,1,4,50007,1
2,7,23,6,0,1,0,0,12294,0,4,3519,1,4,6098,1,4,3727,1
2,4,31,10,0,3,0,4,276711,1,4,165600,1,4,119185,1,4,165600,1
2,6,25,12,0,4,0,4,192203,1,4,136834,1,4,135063,1,4,300689,1
2,5,34,11,0,2,0,5,614497,1,4,203205,1,4,328289,1,4,175879,1
2,5,45,1,0,1,0,4,4,1,4,4,1,4,4,1,4,4,1
3,4,29,12,0,1,0,0,399,0,3,480734,1,3,228130,1,3,480734,1
3,3,24,6,0,1,0,3,38916,1,3,37833,1,3,46661,1,3,37833,1
4,4,50,12,0,5,0,5,1277431,1,4,3052458,1,3,1990575,1,3,1418065,1
2,6,27,2,0,1,0,0,1298,0,4,94,1,4,92,1,4,94,1
4,3,21,6,0,2,0,2,39070,1,2,32008,1,2,37746,1,2,35855,1
3,4,48,12,0,1,0,4,1358402,1,4,973509,1,3,918180,1,3,973509,1
2,6,32,14,0,3,0,5,2923201,1,5,891893,1,5,996877,1,5,891896,1
4,3,24,7,0,3,0,2,61165,1,2,81015,1,2,80456,1,2,89237,1
4,3,21,7,0,1,0,2,46492,1,2,27459,1,2,46347,1,2,27459,1
2,4,25,6,0,1,0,4,76479,1,4,14483,1,4,26908,1,4,14483,1
4,3,23,6,0,1,0,2,37748,1,3,40396,1,2,58876,1,2,40396,1
4,3,24,6,0,2,0,2,50470,1,2,39190,1,2,42057,1,2,58612,1
4,3,24,7,0,4,0,2,111231,1,2,49737,1,2,43915,1,2,76589,1
2,4,24,10,0,3,0,4,413809,1,4,436078,1,4,152316,1,4,242280,1
2,4,44,14,0,4,0,5,3063835,1,5,1967300,1,5,2308773,1,5,912578,1
2,4,28,11,0,3,0,4,240559,1,4,231631,1,4,334824,1,4,270903,1
4,4,40,6,0,3,0,2,49821,1,2,39188,1,2,49915,1,3,50426,1
2,3,24,6,0,2,0,4,49032,1,4,59699,1,4,46119,1,4,59699,1
4,4,32,11,0,3,0,0,199,0,3,184267,1,3,270828,1,3,465455,1
3,4,24,10,0,4,0,3,240457,1,3,601359,1,3,441016,1,3,90989,1
2,5,24,1,0,1,0,4,4,1,4,4,1,4,4,1,4,4,1
3,3,24,6,0,4,0,3,118724,1,3,51622,1,3,243578,1,3,51720,1
3,4,29,12,0,3,0,3,266866,1,3,216380,1,3,296631,1,3,226172,1
2,4,24,9,0,2,0,4,221925,1,4,97371,1,4,176095,1,4,82902,1
2,7,26,7,0,3,0,4,8284,1,4,5931,1,4,6868,1,4,12458,1
2,5,24,10,0,2,0,4,297231,1,4,188810,1,4,171998,1,4,430440,1
4,3,24,6,0,2,0,3,58377,1,2,57693,1,2,66259,1,2,61546,1
4,3,27,6,0,3,0,3,68933,1,2,68324,1,2,215281,1,2,69612,1
4,5,44,16,0,3,0,4,1102107,1,3,1290893,1,3,1401178,1,3,955784,1
2,3,24,6,0,2,0,5,96830,1,4,77206,1,4,61907,1,4,106405,1
2,10,46,1,0,1,0,4,12,1,4,12,1,4,12,1,4,12,1
4,4,29,12,0,1,0,0,43016,0,3,226371,1,2,194193,1,2,226371,1
3,4,39,1,0,1,0,3,13,1,3,13,1,3,13,1,3,13,1
2,4,24,1,0,1,0,4,12,1,4,12,1,4,12,1,4,12,1
4,4,48,11,0,2,0,3,975852,1,3,736407,1,5,1008161,1,3,638634,1
2,4,41,13,0,3,0,5,3062094,1,5,1049623,1,5,1475885,1,5,774788,1
3,5,23,9,0,1,0,3,82670,1,3,55570,1,3,45647,1,3,55570,1
3,3,23,7,0,3,0,3,496559,1,3,42600,1,3,111202,1,3,58978,1
3,3,27,7,0,4,0,0,38800,0,3,99981,1,3,104838,1,3,87026,1
3,4,39,13,0,2,0,3,557579,0,3,920627,1,6,749139,1,3,925397,1
4,3,24,7,0,4,0,2,81128,1,2,52509,1,2,136620,1,2,74488,1
2,4,23,9,0,2,0,4,384426,1,4,218268,1,4,140415,1,5,209411,1
2,4,39,13,0,4,0,4,813065,1,5,494343,1,5,1221335,1,5,668273,1
2,5,43,11,0,4,0,5,2136976,1,5,777631,1,5,520588,1,5,777625,1
3,3,27,6,0,2,0,3,120269,1,3,73849,1,3,78366,1,3,74625,1
2,5,49,9,0,3,0,4,235412,1,4,314281,1,4,284833,1,4,235214,1
2,5,21,12,0,2,0,4,194855,1,4,443920,1,4,377529,1,4,403811,1
3,3,24,7,0,3,0,3,44965,1,3,71649,1,3,125784,1,3,49881,1
2,4,24,9,0,3,0,4,223843,1,4,183670,1,4,171291,1,4,228919,1
4,4,24,9,0,3,0,2,105256,1,2,137380,1,2,82116,0,2,160284,1
4,4,29,12,0,2,0,2,163502,0,2,289746,1,3,264312,1,3,407955,1
2,5,49,13,0,3,0,5,1586792,1,5,1304415,1,5,1729847,1,5,681652,1
2,4,25,11,0,4,0,4,124375,1,4,166999,1,4,189063,1,4,167351,1
3,4,37,12,0,3,0,3,530072,1,3,908172,1,3,1093379,1,3,566276,1
4,3,24,7,0,4,0,2,58652,1,2,65907,1,2,47628,1,2,43903,1
2,4,37,12,0,3,0,5,1104654,1,5,1494126,1,5,913083,1,5,527051,1
2,5,39,14,0,3,0,5,690771,1,5,958793,1,4,687878,1,4,579367,1
3,4,40,11,0,4,0,3,818575,1,3,319548,1,3,311263,1,3,300250,1
2,6,47,18,0,4,0,5,3151082,1,5,1565180,1,0,32552,0,5,1784070,1
3,4,21,8,0,1,0,0,72,0,3,57274,1,3,51009,1,3,54176,1
2,6,45,16,0,3,0,5,1451900,1,5,1000371,1,5,1351698,1,6,2878737,1
2,6,28,7,0,2,0,4,34112,1,4,16936,1,4,22080,1,4,16936,1
2,4,40,11,0,2,0,5,553438,1,5,715038,1,5,1200555,1,5,598034,1
3,4,27,9,0,1,0,3,229277,1,3,85367,1,3,105805,1,3,85367,1
4,3,23,7,0,2,0,2,80188,1,2,45546,1,2,42373,1,2,45546,1
3,3,24,6,0,4,0,3,114391,1,3,50446,1,3,74882,1,3,46728,1
2,3,24,7,0,3,0,4,95452,1,4,49390,1,4,98930,1,5,60131,1
3,4,38,13,0,2,0,3,498334,1,3,461450,1,3,910032,1,3,460920,1
3,4,23,12,0,4,0,3,176569,1,3,118835,1,3,261063,1,3,119246,1
2,6,20,1,0,1,0,4,4,1,4,4,1,4,4,1,4,4,1
3,4,39,12,0,1,0,3,726048,1,3,471847,1,4,1844657,1,3,471847,1
4,3,24,6,0,2,0,2,50681,1,2,73249,1,2,51166,1,2,69098,1
4,3,27,6,0,2,0,3,66188,1,3,75143,1,2,87016,1,3,78642,1
2,4,40,13,0,1,0,2,5940200,0,5,880784,1,5,1467170,1,5,880780,1
3,4,46,12,0,3,0,4,1195179,1,3,567602,1,4,952046,1,3,567602,1
2,7,43,18,0,5,0,5,1152216,1,6,2709066,1,5,1418166,1,5,1328094,1
2,6,44,9,0,2,0,4,26500,1,0,6954,0,4,29834,1,4,33818,1
4,3,24,6,0,2,0,2,38906,1,2,44112,1,3,284698,1,3,38229,1
2,4,43,10,0,2,0,4,385864,1,5,406716,1,5,894635,1,5,406717,1
3,4,29,13,0,2,0,0,14698,0,3,178731,1,0,76,0,3,188749,1
4,3,27,6,0,2,0,2,95915,1,2,60243,1,2,61196,1,3,60123,1
3,3,27,6,0,2,0,3,163620,1,3,55286,1,3,80137,1,3,107435,1
4,3,24,6,0,2,0,2,44172,1,3,34646,1,2,79274,1,2,34648,1
2,8,41,12,0,3,0,4,100293,1,4,67826,1,0,1887,0,4,70442,1
4,3,24,6,0,1,0,3,46358,1,2,41780,1,2,49275,1,2,41780,1
4,3,27,6,0,2,0,2,76840,1,2,53236,1,2,61666,1,2,67067,1
4,3,23,6,0,1,0,2,65636,1,2,46294,1,2,95383,1,2,46294,1
4,3,24,7,0,3,0,2,55513,1,2,73933,1,2,60748,1,2,78116,1
4,4,46,12,0,4,0,3,959169,1,3,862487,1,3,1132324,1,3,836795,1
4,3,24,6,0,1,0,2,50863,1,3,147612,1,2,47688,1,2,41821,1
3,5,26,10,0,3,0,3,106374,1,3,47984,1,3,124078,1,3,49251,1
3,4,48,11,0,2,1,3,1300446,1,4,1390992,1,3,847686,1,4,3058770,1
2,5,49,13,0,4,0,4,671302,1,4,449751,1,5,1750520,1,5,378458,1
3,4,43,9,0,2,0,3,373999,1,3,472520,1,3,772483,1,3,244842,1
2,5,31,1,0,1,0,4,12,1,4,12,1,4,12,1,4,12,1
4,4,40,11,0,1,0,5,325458,1,3,621059,1,3,779281,1,3,621059,1
3,3,27,6,0,2,0,3,53873,1,3,56969,1,3,62599,1,3,79825,1
2,5,27,2,0,2,0,4,83,1,4,119,1,4,155,1,4,119,1
4,3,27,6,0,2,0,2,74172,1,2,76608,1,2,89754,1,2,73390,1
2,4,24,11,0,4,0,4,324287,1,4,242795,1,4,188086,1,4,127600,1
2,4,41,11,0,4,0,4,424142,1,0,7458,0,5,1245894,1,0,1680,0
3,4,50,11,0,2,0,3,1130084,1,4,2005731,1,3,1205769,1,4,1574764,1
2,3,24,6,0,1,0,4,63431,1,5,83892,1,4,68795,1,4,83925,1
3,3,24,6,0,2,0,3,78362,1,3,48614,1,3,88223,1,3,48217,1
4,4,26,10,0,3,0,2,262568,1,2,154441,1,2,119412,1,2,144865,1
2,4,39,11,0,3,0,5,683812,1,4,581344,1,5,2336569,1,5,564076,1
2,6,41,12,0,3,0,4,234958,1,4,388181,1,4,393808,1,4,118219,1
3,4,32,13,0,1,0,3,352807,1,3,244733,1,3,371123,1,3,244733,1
4,3,24,8,0,2,0,2,50542,1,2,62738,1,2,44208,1,2,69130,1
2,4,23,15,0,3,0,4,386039,1,4,317676,1,4,275374,1,4,278187,1
3,3,27,7,0,3,0,3,177723,1,3,79786,1,3,71127,1,3,80705,1
3,5,40,16,0,2,0,6,1636137,1,3,1085320,1,3,1437245,1,3,989220,1
4,4,41,12,0,2,0,3,561908,1,3,931434,1,3,1369079,1,3,462325,1
2,4,37,12,0,2,0,5,639869,1,4,620158,1,4,662972,1,4,491797,1
3,5,43,15,0,3,0,3,812556,1,3,508655,1,3,999314,1,3,564147,1
3,4,23,12,0,3,0,3,207114,1,3,173612,1,3,177555,1,3,239961,1
3,4,24,10,0,4,0,3,165331,1,3,97504,1,3,183586,1,3,90672,1
2,3,24,7,0,4,0,4,111555,1,4,97948,1,4,52446,1,7,58173,1
4,4,57,12,0,2,0,0,311558,0,3,680130,1,3,2095834,1,3,680128,1
2,4,31,10,0,4,0,0,1776,0,0,3122,0,4,209006,1,4,303759,1
4,4,71,12,0,2,1,4,1911543,1,4,2004103,1,4,3092925,1,5,4820122,1
3,4,37,13,0,5,0,3,630599,1,3,1580479,1,3,599145,1,4,1477241,1
2,4,30,10,0,1,0,5,614475,1,4,158668,1,4,222012,1,4,132392,1
4,3,23,7,0,3,0,2,50609,1,2,39106,1,2,54915,1,2,53561,1
4,4,184,13,13,2,36,16,17946818,1,23,17943628,1,28,41747052,1,20,17943628,1
2,9,84,22,0,3,0,5,997431,1,5,1622371,1,5,687671,1,4,559250,1
4,5,106,15,1,4,1,3,1333426,1,4,1847343,1,3,1961279,1,4,2144918,1
2,5,125,21,9,3,12,18,31576972,1,17,18029764,1,17,23869084,1,17,18029764,1
2,6,83,21,1,4,3,8,7652918,1,10,10812680,1,12,16366502,1,8,6240889,1
2,4,55,11,0,1,1,7,6960971,1,5,1294762,1,5,1147344,1,6,1616664,1
3,5,28,10,0,5,0,3,82897,1,3,207094,1,3,137355,1,3,107734,1
2,4,32,14,0,1,0,5,2593599,1,5,1981067,1,5,1252267,1,5,1981067,1
2,3,24,6,0,1,0,4,444537,1,4,51682,1,4,94788,1,4,67942,1
2,7,105,23,5,5,37,21,37623492,1,16,21164368,1,35,68145191,1,16,22303310,1
3,4,142,13,5,3,7,8,8513904,1,14,15084592,1,10,11832338,1,11,11525907,1
2,3,24,6,0,2,0,4,160638,1,4,49774,1,4,210495,1,4,85900,1
2,8,53,1,0,1,0,4,4,1,4,4,1,4,4,1,4,4,1
3,4,67,13,0,3,1,4,3173705,1,5,3495372,1,4,2955841,1,5,3729797,1
2,6,113,26,11,4,22,17,31647621,0,37,72096488,1,57,65664292,1,27,44512077,1
3,3,24,6,0,2,0,3,56157,1,3,61263,1,3,78634,1,3,90652,1
2,6,122,23,8,3,15,41,29945004,1,43,22384231,1,21,34173381,1,19,22384231,1
2,4,39,11,0,3,0,5,1828287,1,5,858823,1,5,1328571,1,5,830455,1
2,7,146,26,7,4,19,23,43964006,1,21,26813046,1,16,23741263,1,43,28997500,1
4,3,27,6,0,1,0,2,91541,1,2,57075,1,2,104613,1,2,57059,1
2,6,163,26,20,4,129,45,92537506,1,46,61764877,1,158,336907265,1,71,124022645,1
2,7,45,10,0,3,0,0,217435,0,4,46795,1,4,37770,1,4,46795,1
4,3,23,6,0,3,0,3,45885,1,2,34378,1,2,42948,1,2,41956,1
3,5,21,11,0,5,0,3,53990,1,3,48174,1,3,48403,1,3,51807,1
4,4,68,12,0,2,1,3,1211039,1,4,1781501,1,3,2089878,1,3,1821331,1
3,5,116,17,5,3,11,11,16563745,1,9,7481423,1,12,16763439,1,16,28451534,1
2,7,130,19,7,2,17,39,32726677,1,27,40199979,1,26,46319762,1,41,70090650,1
2,5,25,8,0,2,0,4,190585,1,4,26488,1,4,95866,1,4,25655,1
2,4,66,12,0,3,1,9,11775981,1,6,2428163,1,6,4065524,1,6,3485660,1
2,4,116,13,3,3,9,8,5974179,1,13,14898076,1,10,11477200,1,8,4956414,1
4,5,191,22,38,2,68,12,16703727,0,71,112692128,1,52,96417687,1,68,112692118,1
2,5,81,16,1,2,6,13,15668094,1,11,9631966,1,8,6885299,1,8,6804233,1
2,6,61,25,1,4,3,9,7034799,1,9,10311173,1,8,8651105,0,6,3547681,1
3,3,24,6,0,1,0,0,72,0,3,73592,1,3,98761,1,3,75773,1
2,4,176,12,11,2,17,21,27695945,1,22,17136572,1,18,15847205,1,23,27008271,1
2,6,96,22,3,5,8,15,27153884,1,30,59414840,1,13,20063425,1,20,36046282,1
3,4,62,12,0,2,0,4,1347127,1,3,931202,1,5,4754046,1,3,931237,1
3,7,69,14,0,3,0,4,1279106,1,4,1706665,1,4,1243981,1,3,994305,1
2,4,66,13,0,3,0,6,4951168,1,5,1183485,1,5,2265109,1,6,3085316,1
2,7,119,20,3,2,12,9,8483668,1,17,23600263,1,14,20500214,1,16,23600263,1
2,6,99,25,6,3,22,15,25597490,1,19,28459089,1,21,37708799,1,30,57557510,1
4,4,110,12,2,1,3,5,4057871,1,6,4525872,1,6,6150981,1,6,4525872,1
4,3,27,7,0,1,0,2,62964,1,2,45500,1,2,68534,1,2,45500,1
3,3,23,6,0,2,0,3,93818,1,3,73596,1,3,95304,1,3,73595,1
4,4,140,15,10,2,10,12,10294509,1,12,12955027,1,18,34050825,1,10,12058958,1
4,4,68,12,0,2,1,0,80,0,4,3388653,1,3,2385595,1,0,79,0
3,4,37,13,0,3,0,3,522796,1,3,294468,1,3,361447,1,4,326500,1
3,4,22,8,0,2,0,3,88544,1,3,44794,1,3,118011,1,3,53751,1
3,5,60,12,0,2,0,0,16263,0,3,1101661,1,5,5189424,1,3,695158,1
3,4,128,14,5,4,5,6,5855391,1,17,24273502,1,8,8889926,1,10,12003152,1
3,4,31,9,0,2,0,3,93775,0,3,201500,1,3,898445,1,3,185708,1
3,3,24,6,0,1,0,3,51501,1,3,105925,1,3,56736,1,3,105925,1
4,5,103,20,3,1,5,7,9887871,1,8,5538735,1,12,20752036,1,7,5463495,1
4,4,199,12,19,1,29,18,14970487,1,32,30118535,1,24,26759748,1,23,16665846,1
3,4,100,12,2,1,2,5,3518612,1,6,2676431,1,9,13296617,1,5,2676431,1
3,3,27,7,0,3,0,3,95629,1,3,57172,1,3,81260,1,3,60100,1
3,4,58,6,0,2,0,3,68219,1,3,75583,1,3,63372,1,3,73529,1
3,4,23,6,0,3,0,3,4377,1,3,2822,1,3,8534,1,3,2498,1
4,5,192,21,29,3,58,22,26122348,1,43,39356148,1,63,104814342,1,58,88207978,1
2,5,39,18,0,4,0,7,6358876,1,0,916360,0,5,2317731,1,6,4110430,1
3,4,63,9,0,1,0,3,1143892,1,4,710981,1,3,1055810,1,3,710981,1
2,4,57,11,0,3,0,5,912939,1,5,951139,1,5,723801,1,5,724225,1
2,7,101,22,3,2,19,12,19324298,1,22,38894873,1,36,71151080,1,25,45142999,1
2,8,117,29,6,2,60,23,40976649,1,0,68,0,0,68,0,0,68,0
4,4,44,13,0,2,0,3,446356,1,3,777629,1,3,848654,1,3,748914,1
4,4,100,11,1,2,2,4,4074022,1,6,5048958,1,5,5531843,1,6,6833621,1
2,6,32,20,0,5,0,5,1403671,1,5,1386887,1,4,743166,1,4,881323,1
2,9,50,1,0,1,0,4,12,1,4,12,1,4,12,1,4,12,1
2,6,192,18,21,1,27,35,49385767,1,31,25940526,1,24,29625438,1,54,61147386,1
4,4,106,14,3,1,3,5,4127646,1,6,3904950,1,7,8838649,1,5,3904975,1
2,5,69,4,0,1,0,4,2023,1,4,1465,1,4,1695,1,4,1465,1
4,5,199,22,29,6,29,30,42818953,1,51,70711727,1,45,75510955,1,29,25764035,1
2,4,23,9,0,2,0,4,358908,1,4,158864,1,4,117567,1,4,292043,1
4,4,80,13,0,3,2,3,1813826,1,4,2707806,1,5,5184707,1,5,3685289,1
2,7,64,19,0,6,0,5,1387015,1,5,1726916,1,6,4339279,1,5,2304992,1
3,5,146,17,6,4,13,13,20787802,1,33,59047416,1,20,34603184,1,0,54084,0
4,4,88,12,1,1,6,4,2401305,1,9,12153997,1,4,10218531,0,5,3164091,1
4,5,126,17,4,1,9,8,10519716,1,12,13956629,1,54,122085154,1,11,13956668,1
4,5,99,21,3,2,7,8,8627357,1,10,12788442,1,12,22260383,1,10,12806148,1
2,4,20,10,0,3,0,4,104810,1,4,181966,1,4,68716,1,4,123308,1
3,5,102,8,0,1,0,3,488260,1,3,318420,1,3,600732,1,4,318463,1
4,3,24,7,0,3,0,2,51982,1,2,45159,1,2,99821,1,2,46339,1
4,4,57,12,0,4,0,3,1165670,1,3,1240723,1,3,1344294,1,3,1712407,1
4,4,29,5,0,2,0,2,3529,1,2,2873,1,2,3142,1,2,3977,1
4,4,76,13,1,3,1,4,2327465,1,4,2403688,1,4,3512225,1,4,3212722,1
2,7,66,31,1,3,4,9,11274488,1,9,9030987,1,17,30461737,1,13,16986384,1
4,3,24,7,0,4,0,2,73110,1,2,57871,1,2,54193,1,2,59815,1
3,4,64,11,0,2,0,4,3215940,1,4,2015795,1,4,1560050,1,4,1129741,1
4,4,78,12,0,2,2,3,1438563,1,4,3188789,1,7,9864749,1,4,3188789,1
2,6,187,26,26,4,109,0,519870,0,124,231819822,1,0,738130,0,85,145725304,1
2,6,62,20,0,4,1,7,8098399,1,6,2745339,1,18,29602170,1,7,4939168,1
2,4,32,12,0,2,0,4,443357,1,4,336021,1,4,698691,1,5,976927,1
3,3,21,7,0,2,0,3,32517,1,3,30396,1,3,90949,1,3,32506,1
3,4,28,5,0,3,0,3,11819,1,3,12310,1,3,5912,1,3,3860,1
3,4,40,9,0,2,0,3,400299,1,3,573456,1,3,383720,1,3,291088,1
3,4,72,12,0,1,2,4,1961694,1,5,3644417,1,5,4878632,1,5,3644417,1
2,7,25,10,0,4,0,4,67796,1,4,39615,1,4,69101,1,4,59716,1
4,4,181,13,11,3,14,12,8634555,1,18,8876897,1,17,18177154,1,16,11215259,1
3,5,52,13,0,1,0,3,911034,1,3,720669,1,4,1804515,1,3,998110,1
4,5,73,17,1,5,2,5,4331098,0,0,3205,0,7,11200065,1,0,3715,0
3,3,27,6,0,2,0,3,60486,1,3,56718,1,3,84713,1,3,68154,1
3,4,39,11,0,1,0,0,340,0,4,1813609,1,0,76,0,3,1834189,1
2,5,25,16,0,1,0,5,593125,1,4,299194,1,4,414044,1,0,68,0
3,5,32,10,0,3,0,3,428651,1,3,128214,1,3,131574,1,3,197400,1
4,3,24,6,0,2,0,2,38790,1,2,60612,1,2,132499,1,2,38105,1
4,4,63,11,0,2,1,3,1778164,1,4,1566849,1,3,1692278,1,4,1566869,1
3,4,76,12,0,2,1,4,2823574,1,4,2025566,1,5,4308865,1,4,1550298,1
2,5,99,20,3,3,41,14,22394480,1,45,88643072,1,17,28527384,1,0,155,0
2,3,24,7,0,3,0,4,111329,1,4,50625,1,4,148483,1,4,49327,1
3,4,87,10,0,3,1,4,1517725,1,4,1184399,1,4,2157505,1,4,1274812,1
2,5,110,22,4,3,10,36,83050265,1,35,11241090,1,32,62162091,1,12,11955311,1
2,6,165,26,17,5,42,41,84755684,1,57,79266645,1,82,170647853,1,41,50905128,1
2,6,58,21,1,3,3,9,8724183,1,6,3959891,1,7,4736796,1,7,3949774,1
4,3,23,6,0,2,0,2,42643,1,2,45242,1,2,79775,1,2,45242,1
3,4,103,12,2,2,4,5,2955915,1,8,9001741,1,6,5221837,1,6,4632312,1
2,6,78,21,1,3,2,7,7478691,1,1,3811750,0,7,4256254,1,8,6723302,1
4,3,21,6,0,3,0,2,38300,1,2,64418,1,2,36432,1,2,40097,1
3,4,78,13,1,2,4,0,520908,0,8,9761432,1,8,10748228,1,7,9761431,1
2,5,24,1,0,1,0,4,4,1,4,4,1,4,4,1,4,4,1
3,4,52,10,0,3,0,4,1914512,1,3,553495,1,3,916401,1,3,1035813,1
2,7,26,7,0,2,0,4,41580,1,4,9448,1,4,115963,1,0,68,0
2,5,39,15,0,3,0,5,686473,1,5,1597103,1,5,1579940,1,5,1575637,1
4,3,24,6,0,2,0,2,47810,1,2,46667,1,2,39671,1,2,46667,1
3,6,84,16,0,1,1,7,1599976,1,4,2585056,1,4,2739514,1,4,2585079,1
2,8,94,27,2,5,5,0,1172592,0,10,10274010,1,0,394966,0,12,15388216,1
3,4,56,13,0,4,1,4,2062130,1,4,3496231,1,3,1364343,1,3,1396083,1
2,4,24,9,0,2,0,4,105454,1,4,111963,1,4,137994,1,4,107503,1
4,4,109,13,3,2,2,5,5623123,1,5,2781065,1,20,39216872,1,5,2719214,1
3,6,96,27,6,4,8,9,7278886,0,12,16320188,1,11,14907407,1,10,13946519,1
4,4,174,12,10,1,14,15,17971672,1,17,12134420,1,12,10712786,1,14,12134420,1
3,4,64,12,0,2,1,4,1690496,1,4,1664775,1,4,1822637,1,4,1664774,1
2,4,55,13,0,2,0,5,2187247,1,5,1459957,1,6,2811128,1,0,313,0
2,6,105,28,10,5,24,23,34322811,1,33,59267920,1,48,87502222,1,38,73909721,1
2,3,24,6,0,3,0,4,114275,1,4,63546,1,4,70027,1,4,60317,1
2,5,51,1,0,1,0,4,4,1,4,4,1,4,4,1,4,4,1
3,3,21,6,0,2,0,3,39660,1,3,27761,1,3,45857,1,3,55751,1
2,7,45,13,0,4,0,4,205034,1,4,163502,1,4,317244,1,4,194586,1
2,4,31,11,0,5,0,4,282898,1,5,2327182,1,4,226826,1,4,377239,1
2,4,24,12,0,3,0,4,493225,1,4,82932,1,4,232903,1,4,121882,1
2,5,53,14,0,3,1,5,1255328,1,6,2824659,1,5,1415758,1,6,3272026,1
3,5,112,21,4,2,11,10,13803485,1,14,17511591,1,14,23551612,1,0,191677,0
2,3,24,7,0,3,0,4,106853,1,4,46149,1,4,136499,1,4,53736,1
2,5,54,14,0,4,0,6,2642909,1,6,2655896,1,5,1965372,1,6,3667529,1
4,3,27,6,0,2,0,2,53245,1,2,50390,1,2,79965,1,2,48299,1
2,4,57,13,0,4,0,5,3158035,1,6,2669257,1,6,3902753,1,5,1262762,1
4,4,163,15,11,4,11,10,8961526,1,67,122007328,1,31,79061697,0,59,110699045,1
4,3,27,6,0,2,0,2,87616,1,2,84956,1,2,84331,1,2,84956,1
4,4,78,12,1,5,1,3,1631237,1,0,660,0,3,2153978,1,0,56088,0
2,5,96,12,0,1,1,6,5945636,1,6,3808301,1,5,2099476,1,6,3606597,1
3,4,46,12,0,1,0,4,932024,1,3,638205,1,3,1338088,1,3,638205,1
3,6,91,15,0,3,1,0,564,0,4,2780914,1,4,2114947,1,4,2772690,1
4,4,125,13,4,1,5,6,7443800,1,8,6079693,1,8,11607486,1,7,6079693,1
3,4,110,13,2,3,4,5,3922791,1,7,4256673,1,8,10782112,1,6,5663085,1
4,4,100,13,1,2,3,0,377,0,5,3746862,1,6,6520174,1,5,3746856,1
2,5,23,1,0,1,0,4,4,1,4,4,1,4,4,1,4,4,1
4,4,84,12,1,2,1,4,2125701,1,5,2644687,1,27779,3612432,1,5,2125749,1
2,3,24,6,0,1,0,5,216738,1,4,70862,1,0,298,0,4,71011,1
3,4,66,13,0,3,1,4,1498695,1,4,1241392,1,4,2854377,1,4,1764639,1
3,4,99,13,1,3,2,5,2344347,1,6,3049766,1,7,7039361,1,6,3565749,1
3,5,67,17,1,2,2,6,2674441,1,6,4607213,1,4,2984331,0,6,4607212,1
2,5,48,16,0,4,1,6,1660711,1,8,8151418,1,7,4463949,1,6,1886491,1
2,6,66,1,0,1,0,4,13,1,4,13,1,4,13,1,4,13,1
2,5,59,14,0,3,1,6,2861886,1,6,2053735,1,6,4433800,0,5,1175179,1
4,4,32,13,0,3,0,3,285182,1,3,312934,1,0,51422,0,3,320395,1
4,4,36,11,0,2,0,3,305347,1,3,407373,1,3,644624,1,3,407372,1
4,4,110,12,2,2,3,5,2844766,1,6,2783330,1,7,8788822,1,5,2845415,1
3,4,102,16,5,2,11,8,10896413,1,14,21823676,1,17,31241763,1,14,21823676,1
3,3,27,6,0,1,0,3,59363,1,3,56826,1,3,51342,1,3,56826,1
2,5,26,9,0,4,0,4,98469,1,4,55838,1,4,129476,1,4,49125,1
4,4,46,9,0,2,0,3,857164,1,3,613923,1,3,413663,1,3,477682,1
3,4,67,12,0,1,1,4,1198712,1,4,1143685,1,6,6426693,1,4,1143685,1
3,4,59,13,0,3,0,4,864287,1,4,1229239,1,5,4213400,1,4,1262311,1
2,6,27,15,0,2,0,5,408395,1,5,128195,1,4,306311,1,4,130001,1
4,4,70,12,0,1,1,4,2609289,1,4,2191335,1,6,7592700,1,4,2191335,1
2,6,119,22,9,6,15,21,37319172,1,21,29589254,1,57,61199344,1,21,29941312,1
2,6,27,13,0,3,0,4,182015,1,4,215483,1,5,516983,1,5,542278,1
3,4,33,12,0,2,0,3,408586,1,3,425313,1,3,261829,1,3,325969,1
2,5,61,13,0,3,0,5,840089,1,5,886113,1,5,1716346,1,5,572386,1
2,6,72,25,1,3,8,9,8701976,1,21,36708932,1,10,11716942,1,13,17434252,1
3,4,29,12,0,3,0,3,860676,1,3,495126,1,3,328639,1,3,423798,1
2,5,89,21,4,3,26,17,31604703,0,12,13388003,1,40,25509207,1,29,53241464,1
2,3,24,6,0,2,0,4,133414,1,4,70123,1,4,57574,1,4,158542,1
2,5,31,11,0,4,0,5,316908,1,5,588079,1,5,1487823,1,4,605686,1
2,5,23,11,0,2,0,5,408983,1,4,224783,1,4,197855,1,4,172946,1
3,6,182,26,25,2,86,28,42302224,1,107,186215491,1,95,187547407,1,93,167520380,1
4,3,24,6,0,2,0,3,43344,1,3,52193,1,3,53067,1,2,70733,1
3,4,41,10,0,1,0,3,600020,1,4,1136573,1,0,76,0,3,319078,1
2,6,54,16,0,2,1,6,2332317,1,8,6690603,1,5,1314671,1,6,3008486,1
3,5,84,20,4,5,6,6,5600200,0,10,12089849,1,8,9568416,0,11,16965642,1
2,6,44,14,0,3,0,6,1427004,1,5,1715817,1,5,1283359,1,6,2323315,1
2,4,78,13,1,4,7,11,15527427,1,9,9804606,1,7,5878519,1,8,6051716,1
4,4,22,11,0,6,0,3,132931,1,2,76161,1,2,101925,1,2,119398,1
3,3,23,6,0,3,0,3,66277,1,0,76,0,3,77898,1,3,42085,1
3,3,24,6,0,1,0,3,61090,1,3,96691,1,3,42541,1,3,96714,1
3,5,81,12,0,2,1,4,3235384,1,4,1468075,1,5,4663977,1,4,1468076,1
3,4,63,12,0,2,1,4,1150290,1,4,2235089,1,5,5135433,1,4,1311239,1
2,8,159,43,46,4,87,47,87658534,1,170,274696491,1,102,218693203,1,99,168736268,1
4,4,199,12,19,2,24,19,12779570,1,26,12479300,1,22,20127708,1,22,12479300,1
4,4,145,12,6,2,12,8,6895696,1,13,11581402,1,35,69795089,1,13,16471484,1
4,4,40,7,0,2,0,2,56664,1,2,70672,1,2,62884,1,2,50356,1
2,4,60,12,0,2,0,5,1450823,1,5,962161,1,5,2028986,1,5,996599,1
2,6,27,1,0,1,0,4,4,1,4,4,1,4,4,1,4,4,1
2,4,24,12,0,4,0,5,591100,1,4,583319,1,4,243431,1,4,395922,1
4,4,188,13,15,3,17,18,13410032,1,20,9969182,1,26,33511774,1,18,9969179,1
4,5,71,13,0,5,0,3,272906,0,4,2850635,1,3,1894581,1,4,2913708,1
2,5,78,14,1,4,1,7,4987533,1,7,4126424,1,6,3194636,1,6,2113555,1
3,3,27,6,0,1,0,3,101191,1,3,59211,1,3,76387,1,3,59211,1
3,4,30,6,0,2,0,3,13703,1,3,16527,1,3,12955,1,3,11283,1
2,5,39,12,0,4,0,5,1982664,1,0,1815,0,5,900444,1,5,838839,1
4,3,27,6,0,1,0,3,55289,1,3,53672,1,2,55509,1,3,53672,1
3,4,36,13,0,4,0,3,643823,1,3,661369,1,3,1211377,1,4,1148956,1
4,5,122,22,10,4,13,9,9030912,0,40,73360468,1,18,32992187,1,23,40713258,1
2,8,92,20,2,6,3,9,9780008,1,14,19191409,1,10,11425647,1,11,11195508,1
4,4,48,1,0,1,0,2,14,1,2,14,1,2,14,1,3,14,1
4,3,24,6,0,2,0,3,46642,1,2,45301,1,3,57135,1,2,32610,1
2,5,43,12,0,3,0,5,411230,1,5,290200,1,5,410329,1,4,187558,1
2,5,39,13,0,3,0,5,2021891,1,5,1025528,1,5,2764947,1,5,758536,1
2,8,67,1,0,1,0,4,12,1,4,12,1,4,12,1,4,12,1
2,5,49,17,0,4,3,6,3109082,1,11,13774079,1,5,2106722,1,11,13774079,1
3,6,135,19,12,1,17,41,27816429,1,20,20564025,1,47,93914219,1,19,20564025,1
2,4,24,10,0,2,0,5,420612,1,4,92041,1,5,488802,1,4,90879,1
2,5,20,8,0,1,0,4,183679,1,4,141711,1,4,70561,1,4,77982,1
2,4,116,14,3,4,7,9,7557453,1,13,12255119,1,11,12285179,1,9,5402555,1
3,4,21,5,0,2,0,3,9102,1,3,3292,1,3,3808,1,3,4210,1
3,3,24,6,0,1,0,3,95256,1,3,73252,1,3,94041,1,3,73252,1
3,4,38,11,0,2,0,3,306335,1,3,835181,1,3,492776,1,3,835183,1
4,4,95,13,2,1,5,4,2935985,1,7,8544902,1,6,7137131,1,5,3990796,1
4,4,142,13,6,2,7,7,4605193,1,9,6058876,1,8,7037270,1,8,6203158,1
4,4,128,12,4,2,5,6,5244382,1,8,4030312,1,8,8746084,1,7,5122174,1
4,5,145,20,8,2,12,13,18647942,1,15,12187132,1,32,61982847,1,14,14342155,1
3,3,23,6,0,2,0,3,65733,1,3,39496,1,3,59219,1,3,39499,1
2,7,96,5,0,3,0,4,900,1,4,813,1,4,1891,1,4,813,1
4,4,132,12,4,1,7,7,5617704,1,10,8679473,1,10,13029727,1,7,4509404,1
2,7,137,8,0,4,0,0,7593,0,4,6700,1,4,7749,1,4,6658,1
2,5,53,7,0,1,0,0,68,0,4,139710,1,4,70602,1,4,49560,1
4,4,102,12,2,2,3,5,4151858,1,6,3469427,1,8,11415188,1,5,3469445,1
4,5,113,13,3,1,5,5,4100613,1,8,5681808,1,6,5737149,1,7,4776737,1
4,4,37,12,0,3,0,3,765885,1,3,318400,1,3,392975,1,3,318048,1
3,5,72,19,1,3,2,6,6357396,1,5,2905420,1,8,11785875,1,5,2905420,1
2,6,36,25,0,1,1,9,7645009,0,6,2993926,1,8,8000067,1,6,2993926,1
4,4,112,12,2,1,3,6,5620948,1,6,3112563,1,8,11098048,1,5,3112563,1
2,6,41,15,0,3,0,5,2057358,1,5,741403,1,5,1605586,1,5,1051392,1
2,7,95,13,0,3,1,6,2614180,1,6,2283383,1,6,2512102,1,6,1177435,1
3,5,145,18,8,3,20,14,20688802,1,30,43502612,1,64,129770346,1,2,5094409,0
4,3,27,6,0,2,0,3,85691,1,2,79129,1,2,62231,1,3,100748,1
2,6,128,25,8,3,49,21,33827143,1,58,95503439,1,82,107584573,1,31,45407919,1
2,8,155,34,26,3,48,95,155044678,1,61,90395277,1,86,172206119,1,62,95662605,1
4,4,163,11,10,2,9,10,7235531,1,12,5851777,1,38,70194083,1,10,6446952,1
4,4,64,12,0,2,1,3,1660613,1,4,1397586,1,3,1183197,1,4,1397586,1
2,3,24,7,0,3,0,5,65874,1,4,45622,1,4,64315,1,4,93761,1
2,8,116,21,1,4,5,0,596781,0,12,14438938,1,10,9986135,1,8,6883255,1
4,4,176,13,12,3,15,13,9361767,1,17,9869105,1,13,10977602,1,17,15228749,1
2,8,125,1,0,1,0,4,4,1,4,4,1,4,4,1,4,4,1
2,6,184,22,26,3,39,37,59267326,1,44,41649846,1,55,87703714,1,97,163545878,1
2,4,23,8,0,2,0,5,110497,1,4,84700,1,4,90195,1,4,59971,1
2,5,97,21,3,5,4,11,15203735,1,33,7869382,1,19,31831404,1,13,17602330,1
2,5,40,13,0,3,0,5,526072,1,5,2125735,1,5,1322814,1,5,780258,1
3,4,130,14,5,4,5,8,8939088,1,10,7576002,1,16,26214727,1,9,7918892,1
2,5,34,9,0,3,0,5,162801,1,4,328719,1,0,67094,0,4,115978,1
4,3,24,6,0,2,0,2,53914,1,2,40486,1,2,43894,1,2,44110,1
3,5,86,15,1,2,4,5,4328481,1,7,5733718,1,7,5115933,1,22,5733720,1
3,6,122,22,8,3,13,9,11636821,1,0,24148,0,25,46850023,1,15,18342317,1
4,4,83,12,1,2,2,4,2316222,1,0,251657,0,4,3529343,1,7,8936030,1
3,4,31,12,0,6,0,3,216666,1,3,152471,1,3,151683,1,3,159844,1
2,5,44,16,0,4,0,6,3959536,1,5,1448693,1,0,5939,0,6,4437612,1
2,6,86,19,1,4,4,9,10922446,1,7,5011911,1,7,5630591,1,10,10135629,1
2,7,200,24,43,2,80,36,61076214,0,83,91798774,1,65,106625150,1,66,40876741,1
3,4,28,11,0,4,0,3,428538,1,3,174831,1,3,219933,1,3,207219,1
4,3,27,7,0,3,0,3,57978,1,2,54967,1,2,69892,1,3,64373,1
2,9,137,1,0,1,0,4,12,1,4,12,1,4,12,1,4,12,1
4,4,118,14,3,1,5,5,3400108,1,8,4167759,1,13,21950936,1,8,6841349,1
4,4,21,9,0,2,0,3,79259,1,3,87213,1,2,72685,1,2,87213,1
2,7,81,13,0,1,0,0,9328,0,4,191227,1,5,272924,1,4,197988,1
2,4,32,10,0,3,0,5,811735,1,4,206361,1,5,474858,1,4,430558,1
3,4,55,12,0,4,0,3,909509,0,4,2606101,1,4,3045297,1,4,1702438,1
2,4,40,10,0,2,0,5,425468,1,4,379296,1,4,430308,1,4,411809,1
2,4,116,12,3,2,4,8,7178858,1,9,4345094,1,38,79367627,1,8,4517067,1
4,4,100,13,2,5,4,6,4718519,1,5,3910042,1,8,11107429,1,9,15120813,1
2,4,23,13,0,2,0,0,1257,0,0,694,0,4,212729,1,4,186582,1
2,7,54,9,0,3,0,5,21284,1,4,23273,1,4,20337,1,4,21686,1
2,5,91,13,0,4,2,6,2778095,1,6,1884828,1,7,4944819,1,5,1230821,1
3,4,30,10,0,1,0,3,398933,1,3,328398,1,3,294525,1,3,328398,1
2,5,96,21,2,4,7,9,10497011,1,11,7749134,1,11,13523949,1,0,1546412,0
4,4,36,13,0,4,0,3,645750,1,3,278625,1,3,1028628,1,3,906773,1
4,4,172,13,13,1,13,11,6553026,1,16,8332871,1,15,17124954,1,16,11823506,1
3,4,42,13,0,5,0,3,1186601,1,3,729490,1,3,1233787,1,3,1080967,1
2,4,78,12,1,2,1,6,2902025,1,6,2123803,1,6,4004552,1,6,2285001,1
3,4,69,13,0,3,2,4,1713700,1,5,3790999,1,5,5281674,1,5,3016678,1
3,4,24,10,0,2,0,3,164708,1,3,95123,1,3,127037,1,3,95123,1
